{"assets/alternatives.json":["assets/alternatives.json"],"assets/asynchrone.json":["assets/asynchrone.json"],"assets/boucles.json":["assets/boucles.json"],"assets/etats.json":["assets/etats.json"],"assets/exceptions.json":["assets/exceptions.json"],"assets/fonctions.json":["assets/fonctions.json"],"assets/images/flutter.png":["assets/images/flutter.png"],"assets/json.json":["assets/json.json"],"assets/miseplace.json":["assets/miseplace.json"],"assets/operations.json":["assets/operations.json"],"assets/poo.json":["assets/poo.json"],"assets/routes.json":["assets/routes.json"],"assets/types.json":["assets/types.json"],"packages/cupertino_icons/assets/CupertinoIcons.ttf":["packages/cupertino_icons/assets/CupertinoIcons.ttf"]}